id,asset_id,source_building,source_classroom,giver_user_id,receiver_user_id,target_building,target_classroom,received_date,note
1,1,E1,CLASS_001,1,2,E2,CLASS_002,2023-03-01,Transfer note 001
2,2,E2,CLASS_002,2,3,E3,CLASS_003,2023-03-02,Transfer note 002
3,3,E3,CLASS_003,3,4,E4,CLASS_004,2023-03-03,Transfer note 003
4,4,E4,CLASS_004,4,5,E5,CLASS_005,2023-03-04,Transfer note 004
5,5,E5,CLASS_005,5,6,E6,CLASS_006,2023-03-05,Transfer note 005
6,6,E6,CLASS_006,6,7,E7,CLASS_007,2023-03-06,Transfer note 006
7,7,E7,CLASS_007,7,8,E8,CLASS_008,2023-03-07,Transfer note 007
8,8,E8,CLASS_008,8,9,E9,CLASS_009,2023-03-08,Transfer note 008
9,9,E9,CLASS_009,9,10,E10,CLASS_010,2023-03-09,Transfer note 009
10,10,E10,CLASS_010,10,11,E1,CLASS_011,2023-03-10,Transfer note 010
11,11,E1,CLASS_011,11,12,E2,CLASS_012,2023-03-11,Transfer note 011
12,12,E2,CLASS_012,12,13,E3,CLASS_013,2023-03-12,Transfer note 012
13,13,E3,CLASS_013,13,14,E4,CLASS_014,2023-03-13,Transfer note 013
14,14,E4,CLASS_014,14,15,E5,CLASS_015,2023-03-14,Transfer note 014
15,15,E5,CLASS_015,15,16,E6,CLASS_016,2023-03-15,Transfer note 015
16,16,E6,CLASS_016,16,17,E7,CLASS_017,2023-03-16,Transfer note 016
17,17,E7,CLASS_017,17,18,E8,CLASS_018,2023-03-17,Transfer note 017
18,18,E8,CLASS_018,18,19,E9,CLASS_019,2023-03-18,Transfer note 018
19,19,E9,CLASS_019,19,20,E10,CLASS_020,2023-03-19,Transfer note 019
20,20,E10,CLASS_020,20,21,E1,CLASS_021,2023-03-20,Transfer note 020
21,21,E1,CLASS_021,21,22,E2,CLASS_022,2023-03-21,Transfer note 021
22,22,E2,CLASS_022,22,23,E3,CLASS_023,2023-03-22,Transfer note 022
23,23,E3,CLASS_023,23,24,E4,CLASS_024,2023-03-23,Transfer note 023
24,24,E4,CLASS_024,24,25,E5,CLASS_025,2023-03-24,Transfer note 024
25,25,E5,CLASS_025,25,26,E6,CLASS_026,2023-03-25,Transfer note 025
26,26,E6,CLASS_026,26,27,E7,CLASS_027,2023-03-26,Transfer note 026
27,27,E7,CLASS_027,27,28,E8,CLASS_028,2023-03-27,Transfer note 027
28,28,E8,CLASS_028,28,29,E9,CLASS_029,2023-03-28,Transfer note 028
29,29,E9,CLASS_029,29,30,E10,CLASS_030,2023-03-29,Transfer note 029
30,30,E10,CLASS_030,30,31,E1,CLASS_031,2023-03-30,Transfer note 030
31,31,E1,CLASS_031,31,32,E2,CLASS_032,2023-03-31,Transfer note 031
32,32,E2,CLASS_032,32,33,E3,CLASS_033,2023-04-01,Transfer note 032
33,33,E3,CLASS_033,33,34,E4,CLASS_034,2023-04-02,Transfer note 033
34,34,E4,CLASS_034,34,35,E5,CLASS_035,2023-04-03,Transfer note 034
35,35,E5,CLASS_035,35,36,E6,CLASS_036,2023-04-04,Transfer note 035
36,36,E6,CLASS_036,36,37,E7,CLASS_037,2023-04-05,Transfer note 036
37,37,E7,CLASS_037,37,38,E8,CLASS_038,2023-04-06,Transfer note 037
38,38,E8,CLASS_038,38,39,E9,CLASS_039,2023-04-07,Transfer note 038
39,39,E9,CLASS_039,39,40,E10,CLASS_040,2023-04-08,Transfer note 039
40,40,E10,CLASS_040,40,41,E1,CLASS_041,2023-04-09,Transfer note 040
41,41,E1,CLASS_041,41,42,E2,CLASS_042,2023-04-10,Transfer note 041
42,42,E2,CLASS_042,42,43,E3,CLASS_043,2023-04-11,Transfer note 042
43,43,E3,CLASS_043,43,44,E4,CLASS_044,2023-04-12,Transfer note 043
44,44,E4,CLASS_044,44,45,E5,CLASS_045,2023-04-13,Transfer note 044
45,45,E5,CLASS_045,45,46,E6,CLASS_046,2023-04-14,Transfer note 045
46,46,E6,CLASS_046,46,47,E7,CLASS_047,2023-04-15,Transfer note 046
47,47,E7,CLASS_047,47,48,E8,CLASS_048,2023-04-16,Transfer note 047
48,48,E8,CLASS_048,48,49,E9,CLASS_049,2023-04-17,Transfer note 048
49,49,E9,CLASS_049,49,50,E10,CLASS_050,2023-04-18,Transfer note 049
50,50,E10,CLASS_050,50,1,E1,CLASS_001,2023-04-19,Transfer note 050
